analytics_id,q1,accepted_answer_id,updated_at,response_time_avg,tags,bookmark_count,share_count
1,1,21.0,2025-04-16 01:44:55.440891,56,"['voluptas', 'amet', 'sequi', 'quos']",46,20
2,2,95.0,2025-04-29 00:57:00.810129,48,['id'],40,8
3,3,7.0,2025-05-10 03:15:35.699259,37,"['mollitia', 'doloremque', 'reiciendis', 'necessitatibus']",35,7
4,4,10.0,2025-04-17 17:28:33.183692,58,"['numquam', 'iusto', 'atque']",36,16
5,5,69.0,2025-03-29 06:51:51.441550,47,"['eum', 'facere', 'consequuntur']",27,19
6,6,,2025-04-21 05:37:28.827775,43,"['reiciendis', 'voluptatibus', 'officiis', 'ad']",40,15
7,7,43.0,2025-04-02 01:04:37.098003,3,"['officia', 'quisquam', 'velit', 'eum', 'ducimus']",35,6
8,8,15.0,2025-05-21 08:18:10.302535,14,"['nostrum', 'quisquam', 'iure']",32,5
9,9,83.0,2025-05-19 10:23:07.119980,56,"['repellendus', 'molestiae', 'aliquam', 'inventore', 'nisi']",37,2
10,10,,2025-05-22 05:38:16.736941,23,"['ipsum', 'est', 'at']",36,10
11,11,,2025-04-07 15:16:48.823628,17,"['mollitia', 'eius', 'id', 'ipsa']",34,6
12,12,59.0,2025-05-20 21:33:41.359428,5,"['eum', 'ab', 'nesciunt', 'eos']",14,0
13,13,,2025-03-17 01:29:44.299581,26,['error'],18,11
14,14,,2025-05-04 07:31:19.892227,42,"['laudantium', 'iure', 'possimus']",3,7
15,15,28.0,2025-03-13 06:16:55.688228,42,"['dolorem', 'excepturi', 'consequatur', 'voluptatum', 'tenetur']",29,14
16,16,,2025-04-28 22:02:32.887160,48,['dolorem'],27,9
17,17,,2025-04-08 04:16:39.484118,45,"['neque', 'ad', 'officia']",38,10
18,18,22.0,2025-05-25 17:30:53.130470,11,"['quae', 'explicabo', 'praesentium', 'totam']",41,12
19,19,,2025-05-02 12:17:09.263188,12,"['nihil', 'iste', 'dolorem', 'neque']",28,6
20,20,11.0,2025-03-04 10:43:19.162291,21,['voluptates'],31,2
21,21,,2025-05-22 09:43:06.417762,21,"['maxime', 'perspiciatis']",5,15
22,22,7.0,2025-04-10 14:47:47.508346,26,"['veniam', 'necessitatibus']",29,9
23,23,50.0,2025-04-30 00:05:29.659450,12,"['harum', 'tenetur', 'nihil']",25,17
24,24,,2025-04-08 06:44:08.607197,2,"['voluptatibus', 'voluptates', 'qui']",17,18
25,25,47.0,2025-04-17 18:11:11.547138,1,"['consequatur', 'alias', 'iusto', 'rerum', 'quas']",3,15
26,26,,2025-03-11 15:15:38.456163,40,"['nesciunt', 'natus', 'eos', 'et']",37,20
27,27,82.0,2025-03-19 01:09:42.844044,72,['consequuntur'],39,12
28,28,,2025-03-13 14:58:47.596251,6,"['repellat', 'ut', 'eum', 'officiis', 'necessitatibus']",21,18
29,29,,2025-03-26 12:22:11.770911,18,"['mollitia', 'ut']",41,1
30,30,,2025-05-30 21:33:46.014054,41,"['beatae', 'sunt', 'assumenda']",35,10
31,31,44.0,2025-04-30 21:23:58.645478,40,"['asperiores', 'veniam', 'eligendi', 'at', 'numquam']",30,16
32,32,36.0,2025-05-28 05:32:31.394629,22,"['reiciendis', 'atque', 'consectetur', 'assumenda', 'dolores']",16,12
33,33,95.0,2025-03-04 16:20:58.638133,28,['mollitia'],5,16
34,34,,2025-05-31 13:30:28.765605,19,"['in', 'porro', 'dolorum', 'accusantium']",16,8
35,35,72.0,2025-05-05 06:55:50.190441,59,"['voluptates', 'architecto', 'reprehenderit']",2,11
36,36,,2025-04-19 23:28:09.879455,4,"['dolorem', 'illo', 'aspernatur', 'labore']",31,6
37,37,60.0,2025-05-08 06:26:29.089885,62,"['voluptatem', 'culpa', 'laborum', 'deserunt', 'nesciunt']",31,11
38,38,28.0,2025-05-05 08:59:28.650823,50,"['possimus', 'rerum', 'amet', 'a']",33,11
39,39,,2025-03-28 05:41:46.885368,44,"['nulla', 'sapiente']",29,10
40,40,51.0,2025-05-10 18:33:25.248234,55,['nobis'],42,11
41,41,43.0,2025-04-12 22:14:58.174976,65,"['dignissimos', 'necessitatibus']",33,7
42,42,,2025-03-07 22:04:02.301052,22,['ea'],47,3
43,43,95.0,2025-05-18 13:15:40.329125,62,"['aliquam', 'labore']",39,1
44,44,88.0,2025-03-14 21:54:08.363772,16,['inventore'],38,6
45,45,92.0,2025-03-04 16:13:42.711071,13,"['ea', 'omnis', 'amet', 'laudantium', 'aspernatur']",38,7
46,46,87.0,2025-04-10 10:46:49.338292,1,"['ducimus', 'molestias', 'magni', 'nisi']",22,17
47,47,,2025-05-05 15:50:09.834723,16,['magnam'],2,14
48,48,91.0,2025-05-09 11:58:43.313853,15,"['facilis', 'incidunt']",42,10
49,49,41.0,2025-04-27 14:05:04.854135,27,"['esse', 'magni']",6,4
50,50,80.0,2025-03-10 19:52:33.148100,38,"['aut', 'optio', 'voluptate', 'alias', 'maxime']",2,7
51,51,74.0,2025-03-07 19:38:01.403839,27,"['maiores', 'nostrum']",17,17
52,52,20.0,2025-03-25 12:15:56.589682,42,"['illo', 'ut', 'sint', 'ex', 'voluptates']",29,7
53,53,,2025-05-10 12:32:24.590413,16,"['aliquid', 'eos', 'numquam']",18,16
54,54,82.0,2025-04-15 16:13:48.861077,38,"['autem', 'corrupti', 'repudiandae', 'aperiam']",27,10
55,55,,2025-03-29 15:34:43.184319,30,"['veritatis', 'at', 'accusantium', 'error', 'quis']",45,5
56,56,60.0,2025-05-08 07:56:17.279190,52,"['vero', 'cum']",25,15
57,57,22.0,2025-05-15 15:06:20.096842,64,['deserunt'],24,20
58,58,64.0,2025-04-16 09:32:05.356876,5,['nam'],26,14
59,59,36.0,2025-04-28 05:47:45.490361,63,"['possimus', 'est', 'nam', 'sequi', 'at']",44,11
60,60,78.0,2025-03-15 15:35:17.239647,29,['repellendus'],42,12
61,61,63.0,2025-04-16 18:57:26.236646,70,['provident'],31,18
62,62,76.0,2025-05-15 08:51:13.845678,69,"['corrupti', 'odio', 'in', 'quas']",12,4
63,63,,2025-05-05 14:38:02.555317,33,"['odio', 'excepturi']",30,0
64,64,73.0,2025-03-24 04:55:54.305426,26,['molestias'],24,16
65,65,,2025-05-30 05:54:15.136553,14,"['repellendus', 'culpa', 'alias', 'nulla', 'id']",22,16
66,66,98.0,2025-04-05 11:26:12.002862,4,"['cum', 'maxime', 'occaecati', 'at']",38,8
67,67,4.0,2025-05-04 19:08:33.040331,68,['corporis'],12,19
68,68,,2025-04-13 23:42:34.022628,25,"['occaecati', 'quod', 'minima', 'expedita']",30,17
69,69,41.0,2025-04-04 18:38:44.973886,52,"['at', 'accusamus', 'quaerat']",41,4
70,70,13.0,2025-03-23 10:57:14.147149,1,"['tempore', 'officia', 'et']",20,13
71,71,,2025-05-04 23:06:01.912129,18,"['maxime', 'voluptatum']",16,9
72,72,99.0,2025-05-06 07:27:46.392104,58,"['tempora', 'ut', 'dolores', 'assumenda']",20,4
73,73,,2025-04-04 08:03:55.848661,10,"['ratione', 'nemo', 'unde', 'itaque']",46,16
74,74,82.0,2025-04-24 15:37:10.966340,66,"['quia', 'pariatur']",34,14
75,75,,2025-04-26 09:38:13.242251,1,"['impedit', 'doloribus']",16,12
76,76,15.0,2025-03-25 15:08:55.858436,12,"['beatae', 'sequi']",10,8
77,77,7.0,2025-03-19 11:06:35.030709,27,"['ea', 'dolore']",6,14
78,78,,2025-04-07 22:43:56.564380,57,"['quia', 'praesentium']",31,18
79,79,,2025-05-27 17:44:45.326860,68,"['dicta', 'praesentium', 'nesciunt', 'perspiciatis', 'cum']",43,12
80,80,36.0,2025-04-28 23:42:19.481568,19,"['perspiciatis', 'quae', 'tempore', 'delectus', 'repudiandae']",26,18
81,81,52.0,2025-04-19 00:37:09.428721,57,"['illo', 'quibusdam']",4,1
82,82,13.0,2025-04-21 09:34:24.040602,3,"['unde', 'incidunt', 'voluptas']",24,4
83,83,,2025-04-16 20:27:12.002419,56,"['omnis', 'ratione', 'adipisci']",28,9
84,84,32.0,2025-04-29 15:44:53.543283,69,"['provident', 'sint']",36,0
85,85,92.0,2025-05-20 12:45:08.868450,26,"['autem', 'recusandae', 'aut', 'expedita', 'porro']",37,7
86,86,14.0,2025-05-25 14:19:47.991200,40,"['voluptates', 'veritatis']",29,11
87,87,89.0,2025-04-18 01:14:51.519759,23,['voluptates'],37,5
88,88,95.0,2025-05-11 03:00:45.431101,18,"['iusto', 'occaecati']",43,0
89,89,,2025-03-18 04:48:47.440007,28,"['illo', 'quam', 'eaque', 'mollitia']",39,17
90,90,78.0,2025-05-31 17:34:57.181420,58,"['et', 'libero', 'ullam']",30,11
91,91,,2025-05-12 17:54:59.410209,27,"['blanditiis', 'perferendis', 'delectus']",37,2
92,92,2.0,2025-05-30 22:03:49.957402,63,"['maiores', 'delectus', 'omnis', 'amet', 'distinctio']",11,7
93,93,,2025-05-19 08:35:24.109411,2,"['maiores', 'voluptatem', 'corrupti']",18,20
94,94,40.0,2025-05-09 10:27:03.927069,2,"['molestias', 'quisquam', 'doloremque', 'tempora']",25,11
95,95,,2025-04-06 06:10:04.724936,65,"['ad', 'reiciendis']",4,14
96,96,,2025-03-15 16:42:32.960590,13,"['corporis', 'laudantium', 'aspernatur', 'dolor', 'nihil']",11,17
97,97,,2025-05-16 10:34:33.689273,13,"['reprehenderit', 'earum', 'explicabo']",4,3
98,98,42.0,2025-04-03 03:48:10.808714,12,"['est', 'sunt', 'inventore', 'pariatur']",8,6
99,99,46.0,2025-05-09 16:32:28.254495,6,"['accusantium', 'voluptate', 'quidem', 'commodi', 'ipsa']",2,13
100,100,92.0,2025-05-15 12:22:03.431986,58,"['veniam', 'reprehenderit', 'totam']",45,8
101,101,34.0,2025-04-23 10:19:45.817166,23,"['odio', 'ratione', 'quod']",14,12
102,102,,2025-05-21 19:13:17.762959,7,"['officia', 'unde', 'cum', 'quidem', 'in']",19,20
103,103,,2025-04-18 22:01:33.208706,66,"['harum', 'dolorum', 'vel', 'dolor']",30,20
104,104,78.0,2025-05-26 21:51:34.023743,50,['incidunt'],29,19
105,105,100.0,2025-03-22 07:50:08.592952,9,"['harum', 'quisquam', 'voluptatibus']",22,9
106,106,71.0,2025-04-10 07:28:08.715870,16,"['consectetur', 'dicta']",17,16
107,107,,2025-04-23 09:34:14.967119,35,"['distinctio', 'optio']",4,3
108,108,,2025-04-21 07:13:09.151836,48,"['ea', 'sunt']",45,12
109,109,98.0,2025-05-31 14:35:17.331115,68,"['sunt', 'ratione']",19,6
110,110,59.0,2025-04-15 20:45:10.490169,46,"['aliquid', 'asperiores', 'fuga', 'minima']",37,18
111,111,36.0,2025-04-16 23:35:32.341146,19,"['voluptatibus', 'ab', 'a']",37,8
112,112,56.0,2025-03-21 21:31:02.731367,32,"['et', 'sint', 'nesciunt', 'assumenda']",49,3
113,113,78.0,2025-03-27 00:41:33.826218,28,"['eveniet', 'laboriosam', 'soluta', 'natus', 'id']",12,0
114,114,,2025-04-13 09:02:58.077457,10,"['animi', 'amet', 'aspernatur', 'sint']",33,6
115,115,29.0,2025-04-11 17:04:50.202815,20,"['vitae', 'temporibus', 'nulla', 'aliquid']",15,18
116,116,40.0,2025-05-06 03:42:59.218033,58,"['quia', 'optio', 'sint', 'incidunt']",35,16
117,117,41.0,2025-03-26 14:00:29.512273,39,"['maxime', 'porro', 'consequatur', 'odit', 'modi']",47,20
118,118,,2025-04-08 21:25:51.744556,39,"['minus', 'nemo', 'amet', 'eligendi']",40,7
119,119,,2025-05-01 07:45:49.219697,17,"['cumque', 'adipisci']",9,14
120,120,71.0,2025-04-06 09:05:57.838391,30,"['itaque', 'aliquid', 'excepturi', 'deserunt', 'asperiores']",41,18
121,121,4.0,2025-05-23 05:53:43.013102,64,"['adipisci', 'facere', 'veritatis', 'a', 'voluptatem']",34,7
122,122,,2025-05-02 02:52:41.511681,30,"['facere', 'occaecati', 'impedit', 'iure']",6,14
123,123,,2025-03-10 12:23:14.827106,12,"['molestiae', 'iusto', 'reprehenderit', 'dignissimos']",22,3
124,124,,2025-04-06 07:15:11.547955,62,"['temporibus', 'quidem']",14,13
125,125,,2025-03-07 14:55:07.684411,69,"['ab', 'quia', 'inventore']",37,1
126,126,41.0,2025-05-11 21:46:02.269459,71,"['quos', 'maxime', 'quasi', 'illum', 'deserunt']",47,20
127,127,,2025-03-26 01:12:45.309815,68,"['iusto', 'vero', 'nostrum', 'a']",24,18
128,128,,2025-05-09 18:53:29.889308,50,"['voluptate', 'doloremque', 'velit', 'autem', 'quibusdam']",36,12
129,129,14.0,2025-03-08 22:19:59.387478,3,"['facere', 'porro', 'accusantium', 'qui', 'voluptates']",5,6
130,130,48.0,2025-05-04 14:05:21.700164,32,"['nisi', 'ad', 'odit', 'tempore', 'minus']",19,9
131,131,37.0,2025-05-31 07:39:54.350640,72,"['cumque', 'fugiat', 'aspernatur']",40,11
132,132,93.0,2025-05-25 20:05:55.174720,55,['dolorem'],39,0
133,133,6.0,2025-04-01 19:38:51.394992,29,['fugiat'],40,20
134,134,,2025-05-11 18:56:39.727357,7,"['soluta', 'nisi']",5,5
135,135,53.0,2025-05-23 09:10:59.964438,7,['quam'],48,17
136,136,70.0,2025-04-28 11:55:44.615339,4,['sint'],12,0
137,137,,2025-04-25 09:06:43.270413,72,"['iste', 'dolores']",21,11
138,138,,2025-05-28 21:13:17.328765,37,"['itaque', 'beatae', 'vero']",6,20
139,139,75.0,2025-03-09 14:35:29.398058,3,['mollitia'],16,18
140,140,,2025-04-21 03:38:18.421475,21,"['est', 'vitae', 'nulla', 'illo', 'officia']",24,7
141,141,2.0,2025-03-04 16:20:43.787998,58,"['ad', 'adipisci', 'sequi', 'voluptates', 'aut']",16,20
142,142,12.0,2025-05-08 04:45:25.031079,4,"['suscipit', 'cum']",42,18
143,143,87.0,2025-04-07 20:30:43.756165,17,['quo'],12,4
144,144,,2025-05-13 15:29:38.734265,37,"['animi', 'modi', 'molestias']",40,0
145,145,11.0,2025-04-14 20:24:15.162469,2,"['culpa', 'nisi', 'commodi', 'optio']",35,17
146,146,,2025-04-20 20:07:22.797278,70,"['expedita', 'laboriosam', 'amet', 'officia']",4,14
147,147,,2025-05-25 03:45:07.135343,13,"['laudantium', 'animi', 'commodi', 'ab', 'nulla']",26,8
148,148,48.0,2025-04-09 18:07:38.960003,47,['necessitatibus'],50,6
149,149,24.0,2025-03-21 18:55:50.750418,61,"['nihil', 'officia', 'et', 'veritatis', 'iure']",32,18
150,150,48.0,2025-03-19 05:41:08.074831,51,['quia'],5,7
151,151,9.0,2025-03-11 17:39:36.121010,36,"['soluta', 'blanditiis', 'expedita']",27,17
152,152,,2025-05-13 04:18:07.263384,55,"['quae', 'porro', 'repudiandae']",21,0
153,153,33.0,2025-05-14 22:39:39.797773,6,"['ipsam', 'quas', 'corrupti']",31,0
154,154,9.0,2025-06-01 00:54:43.989604,19,"['cum', 'voluptatibus', 'labore', 'ratione']",8,14
155,155,,2025-04-11 15:33:21.526817,15,"['blanditiis', 'nulla', 'vitae', 'assumenda', 'ullam']",1,7
156,156,22.0,2025-03-12 06:44:48.949076,31,"['nihil', 'nam', 'autem']",38,11
157,157,38.0,2025-05-02 03:55:18.846639,57,"['hic', 'quos', 'esse', 'officia']",23,15
158,158,92.0,2025-05-28 02:52:14.258122,10,"['odit', 'perspiciatis', 'a', 'harum']",3,7
159,159,,2025-05-04 19:45:40.819390,48,"['corporis', 'doloremque', 'facilis', 'ratione']",7,7
160,160,,2025-05-31 22:04:40.748999,34,"['veritatis', 'occaecati']",36,6
161,161,88.0,2025-04-14 12:29:50.693200,23,"['similique', 'deserunt', 'cupiditate', 'sunt', 'voluptatibus']",48,2
162,162,35.0,2025-03-14 19:30:03.280836,15,"['architecto', 'debitis']",11,14
163,163,,2025-04-04 16:26:35.836101,69,"['harum', 'aliquid', 'a', 'eum', 'assumenda']",43,3
164,164,12.0,2025-03-22 01:15:32.719268,59,"['vero', 'minus', 'ad']",48,15
165,165,26.0,2025-04-07 18:53:22.384740,51,"['deserunt', 'numquam', 'minima', 'magni', 'beatae']",24,13
166,166,,2025-05-01 06:25:29.410755,4,"['repellat', 'illo', 'illum']",22,4
167,167,86.0,2025-06-02 04:22:55.146810,18,"['nulla', 'sapiente']",3,19
168,168,11.0,2025-05-07 01:01:53.199301,33,"['aliquid', 'quo', 'eveniet', 'id']",19,7
169,169,,2025-04-28 18:42:08.965265,17,['tempore'],26,9
170,170,27.0,2025-05-25 11:24:03.775091,27,"['earum', 'doloremque']",9,17
171,171,62.0,2025-03-08 15:37:37.474592,69,"['similique', 'nam', 'distinctio', 'ducimus', 'nobis']",15,3
172,172,,2025-03-06 00:19:20.546981,38,"['natus', 'animi', 'necessitatibus']",33,20
173,173,21.0,2025-04-15 03:49:12.012763,60,"['rem', 'facere']",26,12
174,174,83.0,2025-03-28 16:34:49.206845,63,"['sit', 'eos', 'delectus', 'eius', 'debitis']",2,4
175,175,87.0,2025-05-04 18:36:57.548043,53,"['ipsam', 'dolores', 'quisquam', 'et']",47,5
176,176,54.0,2025-05-05 15:48:57.151730,37,"['quae', 'voluptas', 'nihil', 'porro']",43,9
177,177,64.0,2025-05-19 08:30:56.718926,11,"['modi', 'ut']",28,18
178,178,38.0,2025-05-04 02:06:56.788853,68,"['fuga', 'incidunt', 'unde']",3,18
179,179,9.0,2025-04-30 10:07:22.570793,65,"['officiis', 'nulla']",43,6
180,180,15.0,2025-03-31 15:21:26.764662,49,"['eveniet', 'illum', 'repellendus', 'blanditiis']",33,14
181,181,99.0,2025-04-03 09:16:28.843167,53,['minus'],32,17
182,182,69.0,2025-03-12 04:29:47.071538,9,"['corrupti', 'sunt', 'adipisci']",35,2
183,183,67.0,2025-05-30 11:15:32.532685,9,"['a', 'ipsa', 'magni', 'veniam']",0,9
184,184,29.0,2025-05-02 05:55:50.732619,32,"['quasi', 'sint', 'beatae', 'adipisci']",15,7
185,185,7.0,2025-03-18 04:55:42.353120,51,['molestias'],30,17
186,186,49.0,2025-05-18 07:45:23.187290,40,"['occaecati', 'assumenda', 'itaque', 'cumque', 'reprehenderit']",47,5
187,187,47.0,2025-05-19 11:28:27.048854,36,"['at', 'nam', 'atque']",11,10
188,188,,2025-04-21 14:30:42.984038,22,['voluptatum'],49,19
189,189,29.0,2025-03-28 20:36:12.782966,62,"['beatae', 'accusamus', 'quisquam', 'provident', 'laboriosam']",44,18
190,190,,2025-04-30 16:10:43.785471,50,"['illum', 'harum', 'excepturi', 'molestias']",22,18
191,191,27.0,2025-05-10 19:06:29.020521,33,['consequuntur'],19,3
192,192,51.0,2025-05-01 02:54:32.920598,55,['eveniet'],37,0
193,193,55.0,2025-05-27 15:24:31.092125,60,"['voluptate', 'quisquam', 'corrupti', 'dolorem']",21,13
194,194,9.0,2025-03-30 22:56:34.500136,32,"['qui', 'itaque', 'quae', 'ipsa']",48,10
195,195,18.0,2025-03-05 20:29:46.256725,40,"['nulla', 'odit', 'maiores', 'illum', 'harum']",19,0
196,196,,2025-04-22 14:12:47.366175,42,"['in', 'fuga', 'quaerat', 'molestias']",24,17
197,197,,2025-03-18 12:18:51.996108,37,['quibusdam'],21,4
198,198,67.0,2025-03-17 22:10:28.587157,44,['autem'],26,10
199,199,50.0,2025-05-06 15:07:37.445810,56,"['nemo', 'quibusdam', 'est']",18,8
200,200,,2025-03-03 04:26:11.914082,39,"['explicabo', 'perspiciatis']",26,14
201,201,12.0,2025-04-10 02:05:28.245355,59,"['accusamus', 'tempore']",29,8
202,202,46.0,2025-05-08 02:09:55.531812,61,"['quos', 'odio']",17,13
203,203,45.0,2025-03-03 09:11:22.584262,13,"['blanditiis', 'voluptatum']",50,20
204,204,97.0,2025-04-10 19:57:29.530356,8,"['eligendi', 'veniam', 'natus']",7,0
205,205,89.0,2025-05-29 02:35:23.475056,49,"['ab', 'non']",12,5
206,206,,2025-05-19 20:05:39.561139,1,['deleniti'],50,1
207,207,,2025-03-07 10:56:06.381739,69,"['dolore', 'nulla', 'facilis']",15,10
208,208,35.0,2025-05-19 05:25:17.567075,11,"['quia', 'at', 'eius', 'ipsum', 'rerum']",39,15
209,209,36.0,2025-03-23 19:33:32.875477,18,"['asperiores', 'corrupti', 'ea']",29,3
210,210,87.0,2025-03-03 19:09:55.086830,2,['ipsam'],40,14
211,211,,2025-03-28 21:31:54.129796,15,"['modi', 'voluptate']",40,11
212,212,50.0,2025-04-30 12:09:32.331444,43,['voluptate'],21,2
213,213,,2025-04-13 10:25:49.081826,72,"['a', 'atque', 'quibusdam']",6,4
214,214,,2025-03-08 16:04:22.866072,57,"['natus', 'rerum']",7,11
215,215,,2025-05-13 07:36:36.422351,55,['libero'],20,7
216,216,,2025-04-17 05:04:23.063489,63,"['accusantium', 'voluptate']",33,7
217,217,94.0,2025-05-27 22:54:45.381196,17,"['consequatur', 'reiciendis', 'quod', 'ipsam', 'ipsa']",3,19
218,218,,2025-05-18 12:35:29.466182,52,['veritatis'],38,4
219,219,57.0,2025-05-14 22:57:40.546634,13,"['veritatis', 'itaque', 'at', 'quod', 'dolorum']",43,19
220,220,,2025-05-09 22:21:20.288674,23,['amet'],10,6
221,221,65.0,2025-04-10 01:01:15.718565,4,['dignissimos'],40,13
222,222,20.0,2025-04-06 07:37:34.969024,24,"['officiis', 'iste', 'laudantium']",2,8
223,223,17.0,2025-05-15 08:26:16.301390,9,"['impedit', 'perspiciatis', 'ullam']",18,14
224,224,,2025-03-27 04:06:24.783664,9,['eligendi'],50,6
225,225,,2025-05-27 23:53:26.704857,45,"['vel', 'quibusdam', 'sint', 'reprehenderit']",17,12
226,226,8.0,2025-05-09 03:33:26.718216,33,"['iure', 'exercitationem', 'earum', 'iusto', 'repellat']",47,17
227,227,93.0,2025-03-10 03:05:24.958493,60,"['vel', 'saepe', 'expedita']",22,7
228,228,,2025-04-07 11:01:21.379747,57,"['nemo', 'adipisci', 'nihil', 'nesciunt']",35,20
229,229,12.0,2025-05-24 21:15:46.963449,12,"['a', 'distinctio', 'deleniti', 'dolorem', 'earum']",26,9
230,230,,2025-04-02 18:00:26.369043,63,"['repellendus', 'quidem']",10,5
231,231,,2025-05-25 10:56:48.943709,48,"['praesentium', 'iure']",18,14
232,232,1.0,2025-05-07 03:35:07.571300,53,['perspiciatis'],1,13
233,233,,2025-04-21 10:41:43.785784,71,"['fuga', 'est', 'velit', 'ullam', 'aperiam']",19,2
234,234,34.0,2025-03-24 13:42:27.172823,9,"['quod', 'repellendus', 'reprehenderit', 'aut']",42,0
235,235,,2025-05-31 17:28:55.324474,32,"['aut', 'nisi', 'sunt']",30,17
236,236,50.0,2025-03-30 20:45:28.725880,4,['ex'],14,9
237,237,,2025-03-30 09:31:22.022398,41,"['itaque', 'temporibus', 'ipsum', 'culpa']",40,15
238,238,59.0,2025-03-15 19:49:43.935465,44,"['modi', 'hic', 'eveniet', 'ab', 'nisi']",41,18
239,239,20.0,2025-03-31 08:23:46.320504,57,"['alias', 'facilis', 'deserunt', 'aperiam', 'recusandae']",38,12
240,240,88.0,2025-05-25 14:34:13.903255,72,"['cum', 'molestiae', 'cupiditate']",37,18
241,241,6.0,2025-05-14 00:33:00.160769,44,"['accusamus', 'quasi', 'pariatur']",31,9
242,242,,2025-04-18 21:26:43.620350,40,"['nostrum', 'esse', 'iusto']",31,12
243,243,78.0,2025-05-27 13:27:11.991956,5,"['earum', 'rem']",23,17
244,244,3.0,2025-05-06 15:42:31.995098,43,['dolore'],14,1
245,245,13.0,2025-04-06 22:51:12.468332,71,"['aspernatur', 'laudantium', 'saepe', 'nihil', 'eius']",40,16
246,246,54.0,2025-05-03 11:43:15.278977,71,"['dicta', 'veniam', 'laudantium']",26,18
247,247,62.0,2025-05-08 08:04:42.594405,60,['placeat'],18,19
248,248,29.0,2025-04-18 10:35:09.468599,71,['autem'],32,8
249,249,,2025-05-17 09:35:11.478903,1,"['totam', 'sit', 'exercitationem', 'laboriosam']",36,10
250,250,64.0,2025-05-01 07:26:34.646150,39,"['distinctio', 'culpa', 'perspiciatis']",32,19
251,251,18.0,2025-03-28 03:14:47.616178,22,"['nihil', 'fugit', 'autem', 'possimus', 'officia']",21,20
252,252,57.0,2025-05-08 09:08:16.995857,4,"['reprehenderit', 'voluptas']",10,1
253,253,33.0,2025-05-24 15:00:42.276781,56,['vel'],40,12
254,254,99.0,2025-03-25 05:16:42.832356,42,"['voluptas', 'nam', 'hic']",19,15
255,255,,2025-04-21 02:15:56.139886,40,"['dolorum', 'perferendis']",47,6
256,256,99.0,2025-04-23 05:43:11.274456,69,"['qui', 'voluptate']",34,13
257,257,47.0,2025-03-06 15:45:50.299143,3,"['enim', 'libero', 'laboriosam']",43,17
258,258,,2025-04-25 01:04:03.854489,27,"['sapiente', 'reiciendis', 'sed']",50,11
259,259,54.0,2025-04-04 10:02:04.964829,38,"['ipsa', 'optio', 'praesentium', 'iusto', 'eos']",22,13
260,260,27.0,2025-05-28 01:01:44.389481,58,"['reiciendis', 'unde', 'incidunt', 'possimus', 'magnam']",50,3
261,261,32.0,2025-05-31 23:39:30.644530,65,"['tenetur', 'ratione']",22,5
262,262,14.0,2025-05-30 00:06:44.996693,7,"['sint', 'recusandae', 'ut', 'possimus', 'libero']",18,3
263,263,,2025-05-18 15:12:02.231082,38,"['rem', 'ad', 'quod', 'magni', 'assumenda']",12,2
264,264,15.0,2025-03-28 20:27:03.778353,41,"['itaque', 'fugiat']",15,5
265,265,57.0,2025-03-14 08:58:39.048020,3,"['eligendi', 'consectetur']",36,14
266,266,,2025-03-30 03:52:45.146620,43,"['quia', 'aut']",49,20
267,267,74.0,2025-04-20 20:34:04.996517,61,"['ab', 'minus']",2,9
268,268,55.0,2025-04-27 13:31:53.118443,20,['provident'],16,14
269,269,,2025-05-22 09:27:44.782796,30,"['modi', 'voluptate', 'molestias']",7,4
270,270,46.0,2025-04-28 21:20:46.390653,63,"['modi', 'delectus', 'animi', 'aliquid']",19,0
271,271,,2025-04-27 20:32:25.141675,18,"['impedit', 'quisquam', 'exercitationem']",3,8
272,272,,2025-04-05 09:03:07.571293,68,"['earum', 'necessitatibus', 'quos', 'modi', 'repudiandae']",16,9
273,273,15.0,2025-04-03 23:14:15.971902,68,"['blanditiis', 'quis', 'magni', 'recusandae', 'consequuntur']",0,1
274,274,89.0,2025-03-20 04:01:43.977663,1,['quod'],4,14
275,275,,2025-04-03 23:57:26.110410,19,"['dolore', 'laborum', 'quasi', 'itaque', 'veniam']",35,6
276,276,,2025-05-06 15:31:56.426284,34,"['iste', 'a']",22,14
277,277,,2025-05-30 08:54:18.284469,48,"['rerum', 'id']",6,17
278,278,92.0,2025-03-16 06:36:03.145047,69,"['nemo', 'est', 'eligendi']",41,0
279,279,,2025-04-26 13:52:37.714794,58,"['totam', 'enim']",21,0
280,280,,2025-05-01 04:29:53.184268,26,"['inventore', 'voluptatum', 'ducimus', 'dicta', 'pariatur']",23,5
281,281,,2025-05-30 03:13:45.151942,69,"['ipsum', 'alias', 'saepe']",7,1
282,282,,2025-06-02 05:24:30.741638,45,"['dolorem', 'sunt', 'officiis']",14,8
283,283,,2025-03-16 21:52:54.644924,29,"['illum', 'assumenda', 'perspiciatis']",36,18
284,284,,2025-05-25 01:52:59.429610,60,"['mollitia', 'numquam', 'explicabo']",13,1
285,285,77.0,2025-04-18 02:03:02.672330,26,"['reprehenderit', 'nostrum', 'magnam']",2,11
286,286,98.0,2025-04-07 15:51:45.822691,62,['pariatur'],42,15
287,287,55.0,2025-04-17 07:39:07.332352,46,"['cumque', 'ducimus', 'exercitationem']",11,2
288,288,,2025-05-28 21:49:08.824458,28,"['omnis', 'occaecati']",2,0
289,289,,2025-03-06 20:05:06.154315,47,"['asperiores', 'accusantium', 'nam']",33,15
290,290,34.0,2025-04-19 08:01:46.881312,4,"['natus', 'nesciunt', 'placeat', 'consequatur', 'harum']",32,13
291,291,1.0,2025-03-17 09:13:04.311932,29,"['occaecati', 'animi']",16,19
292,292,100.0,2025-05-25 17:51:24.613496,53,"['iure', 'rerum', 'tempore', 'numquam', 'animi']",13,9
293,293,,2025-04-06 10:32:28.503906,38,"['maiores', 'similique', 'reiciendis', 'doloremque']",16,19
294,294,23.0,2025-03-14 04:52:42.623738,19,"['commodi', 'ullam', 'quia', 'odit', 'hic']",47,7
295,295,,2025-05-29 18:57:59.864102,17,"['laboriosam', 'molestias', 'adipisci']",17,16
296,296,,2025-04-22 11:12:28.766445,38,"['repellat', 'voluptatibus']",22,11
297,297,70.0,2025-05-12 23:28:53.430878,1,"['magnam', 'ullam', 'praesentium', 'earum', 'doloremque']",3,5
298,298,8.0,2025-04-13 01:47:06.932558,57,"['nulla', 'distinctio', 'incidunt', 'atque']",32,7
299,299,,2025-04-06 21:37:19.450369,8,"['repellendus', 'illo', 'ipsam']",15,7
300,300,2.0,2025-05-28 06:36:52.920066,48,['quidem'],23,8
