analytics_id,q1,accepted_answer_id,updated_at,total_answers,avg_answer_length,best_answer_score
1,1,21.0,2025-04-16 01:44:55.440891,12,382,7
2,2,95.0,2025-04-29 00:57:00.810129,7,296,6
3,3,7.0,2025-05-10 03:15:35.699259,0,66,6
4,4,10.0,2025-04-17 17:28:33.183692,15,65,13
5,5,69.0,2025-03-29 06:51:51.441550,7,638,28
6,6,,2025-04-21 05:37:28.827775,3,230,3
7,7,43.0,2025-04-02 01:04:37.098003,12,247,45
8,8,15.0,2025-05-21 08:18:10.302535,5,89,16
9,9,83.0,2025-05-19 10:23:07.119980,13,293,38
10,10,,2025-05-22 05:38:16.736941,5,288,34
11,11,,2025-04-07 15:16:48.823628,12,710,35
12,12,59.0,2025-05-20 21:33:41.359428,6,290,0
13,13,,2025-03-17 01:29:44.299581,8,219,42
14,14,,2025-05-04 07:31:19.892227,6,585,13
15,15,28.0,2025-03-13 06:16:55.688228,14,312,11
16,16,,2025-04-28 22:02:32.887160,3,395,32
17,17,,2025-04-08 04:16:39.484118,4,191,47
18,18,22.0,2025-05-25 17:30:53.130470,0,163,18
19,19,,2025-05-02 12:17:09.263188,5,469,44
20,20,11.0,2025-03-04 10:43:19.162291,14,88,14
21,21,,2025-05-22 09:43:06.417762,4,484,43
22,22,7.0,2025-04-10 14:47:47.508346,13,260,17
23,23,50.0,2025-04-30 00:05:29.659450,13,675,14
24,24,,2025-04-08 06:44:08.607197,2,506,50
25,25,47.0,2025-04-17 18:11:11.547138,13,627,27
26,26,,2025-03-11 15:15:38.456163,12,511,49
27,27,82.0,2025-03-19 01:09:42.844044,13,745,11
28,28,,2025-03-13 14:58:47.596251,10,481,8
29,29,,2025-03-26 12:22:11.770911,7,800,21
30,30,,2025-05-30 21:33:46.014054,14,763,16
31,31,44.0,2025-04-30 21:23:58.645478,0,354,14
32,32,36.0,2025-05-28 05:32:31.394629,2,323,12
33,33,95.0,2025-03-04 16:20:58.638133,3,647,31
34,34,,2025-05-31 13:30:28.765605,8,645,0
35,35,72.0,2025-05-05 06:55:50.190441,7,449,8
36,36,,2025-04-19 23:28:09.879455,3,777,26
37,37,60.0,2025-05-08 06:26:29.089885,12,605,48
38,38,28.0,2025-05-05 08:59:28.650823,6,704,23
39,39,,2025-03-28 05:41:46.885368,14,103,31
40,40,51.0,2025-05-10 18:33:25.248234,12,618,11
41,41,43.0,2025-04-12 22:14:58.174976,11,475,34
42,42,,2025-03-07 22:04:02.301052,12,353,14
43,43,95.0,2025-05-18 13:15:40.329125,4,277,38
44,44,88.0,2025-03-14 21:54:08.363772,14,381,7
45,45,92.0,2025-03-04 16:13:42.711071,13,332,18
46,46,87.0,2025-04-10 10:46:49.338292,11,82,30
47,47,,2025-05-05 15:50:09.834723,2,659,23
48,48,91.0,2025-05-09 11:58:43.313853,13,654,2
49,49,41.0,2025-04-27 14:05:04.854135,5,692,26
50,50,80.0,2025-03-10 19:52:33.148100,6,328,23
51,51,74.0,2025-03-07 19:38:01.403839,1,66,19
52,52,20.0,2025-03-25 12:15:56.589682,9,736,49
53,53,,2025-05-10 12:32:24.590413,2,293,28
54,54,82.0,2025-04-15 16:13:48.861077,10,423,0
55,55,,2025-03-29 15:34:43.184319,10,719,20
56,56,60.0,2025-05-08 07:56:17.279190,14,518,34
57,57,22.0,2025-05-15 15:06:20.096842,10,453,37
58,58,64.0,2025-04-16 09:32:05.356876,0,246,27
59,59,36.0,2025-04-28 05:47:45.490361,5,233,9
60,60,78.0,2025-03-15 15:35:17.239647,7,794,39
61,61,63.0,2025-04-16 18:57:26.236646,12,107,12
62,62,76.0,2025-05-15 08:51:13.845678,5,797,50
63,63,,2025-05-05 14:38:02.555317,11,340,11
64,64,73.0,2025-03-24 04:55:54.305426,2,642,18
65,65,,2025-05-30 05:54:15.136553,4,638,7
66,66,98.0,2025-04-05 11:26:12.002862,10,113,33
67,67,4.0,2025-05-04 19:08:33.040331,0,421,18
68,68,,2025-04-13 23:42:34.022628,3,560,2
69,69,41.0,2025-04-04 18:38:44.973886,9,488,11
70,70,13.0,2025-03-23 10:57:14.147149,6,54,42
71,71,,2025-05-04 23:06:01.912129,6,578,33
72,72,99.0,2025-05-06 07:27:46.392104,15,419,47
73,73,,2025-04-04 08:03:55.848661,1,215,43
74,74,82.0,2025-04-24 15:37:10.966340,15,443,47
75,75,,2025-04-26 09:38:13.242251,0,189,12
76,76,15.0,2025-03-25 15:08:55.858436,7,158,30
77,77,7.0,2025-03-19 11:06:35.030709,9,146,7
78,78,,2025-04-07 22:43:56.564380,2,346,48
79,79,,2025-05-27 17:44:45.326860,0,645,13
80,80,36.0,2025-04-28 23:42:19.481568,10,533,39
81,81,52.0,2025-04-19 00:37:09.428721,11,590,26
82,82,13.0,2025-04-21 09:34:24.040602,12,408,9
83,83,,2025-04-16 20:27:12.002419,6,613,12
84,84,32.0,2025-04-29 15:44:53.543283,7,709,31
85,85,92.0,2025-05-20 12:45:08.868450,3,294,29
86,86,14.0,2025-05-25 14:19:47.991200,6,366,21
87,87,89.0,2025-04-18 01:14:51.519759,9,765,18
88,88,95.0,2025-05-11 03:00:45.431101,12,356,35
89,89,,2025-03-18 04:48:47.440007,11,611,48
90,90,78.0,2025-05-31 17:34:57.181420,9,176,36
91,91,,2025-05-12 17:54:59.410209,3,601,11
92,92,2.0,2025-05-30 22:03:49.957402,0,797,28
93,93,,2025-05-19 08:35:24.109411,7,310,46
94,94,40.0,2025-05-09 10:27:03.927069,8,759,50
95,95,,2025-04-06 06:10:04.724936,1,695,28
96,96,,2025-03-15 16:42:32.960590,8,635,20
97,97,,2025-05-16 10:34:33.689273,15,230,35
98,98,42.0,2025-04-03 03:48:10.808714,3,690,46
99,99,46.0,2025-05-09 16:32:28.254495,7,520,38
100,100,92.0,2025-05-15 12:22:03.431986,5,81,37
101,101,34.0,2025-04-23 10:19:45.817166,13,481,36
102,102,,2025-05-21 19:13:17.762959,1,447,24
103,103,,2025-04-18 22:01:33.208706,14,355,32
104,104,78.0,2025-05-26 21:51:34.023743,9,466,30
105,105,100.0,2025-03-22 07:50:08.592952,2,90,24
106,106,71.0,2025-04-10 07:28:08.715870,0,52,25
107,107,,2025-04-23 09:34:14.967119,9,341,17
108,108,,2025-04-21 07:13:09.151836,9,607,47
109,109,98.0,2025-05-31 14:35:17.331115,15,121,48
110,110,59.0,2025-04-15 20:45:10.490169,14,718,35
111,111,36.0,2025-04-16 23:35:32.341146,1,625,44
112,112,56.0,2025-03-21 21:31:02.731367,5,410,45
113,113,78.0,2025-03-27 00:41:33.826218,1,356,2
114,114,,2025-04-13 09:02:58.077457,2,92,16
115,115,29.0,2025-04-11 17:04:50.202815,0,524,38
116,116,40.0,2025-05-06 03:42:59.218033,0,347,41
117,117,41.0,2025-03-26 14:00:29.512273,15,306,24
118,118,,2025-04-08 21:25:51.744556,8,448,41
119,119,,2025-05-01 07:45:49.219697,11,275,34
120,120,71.0,2025-04-06 09:05:57.838391,15,694,50
121,121,4.0,2025-05-23 05:53:43.013102,4,438,1
122,122,,2025-05-02 02:52:41.511681,2,624,35
123,123,,2025-03-10 12:23:14.827106,5,563,32
124,124,,2025-04-06 07:15:11.547955,7,311,37
125,125,,2025-03-07 14:55:07.684411,14,678,30
126,126,41.0,2025-05-11 21:46:02.269459,7,794,39
127,127,,2025-03-26 01:12:45.309815,8,800,48
128,128,,2025-05-09 18:53:29.889308,9,383,25
129,129,14.0,2025-03-08 22:19:59.387478,1,737,6
130,130,48.0,2025-05-04 14:05:21.700164,5,175,21
131,131,37.0,2025-05-31 07:39:54.350640,5,140,22
132,132,93.0,2025-05-25 20:05:55.174720,2,294,4
133,133,6.0,2025-04-01 19:38:51.394992,1,77,12
134,134,,2025-05-11 18:56:39.727357,12,221,30
135,135,53.0,2025-05-23 09:10:59.964438,10,582,25
136,136,70.0,2025-04-28 11:55:44.615339,4,616,31
137,137,,2025-04-25 09:06:43.270413,6,216,2
138,138,,2025-05-28 21:13:17.328765,6,335,25
139,139,75.0,2025-03-09 14:35:29.398058,15,688,3
140,140,,2025-04-21 03:38:18.421475,0,300,44
141,141,2.0,2025-03-04 16:20:43.787998,11,717,21
142,142,12.0,2025-05-08 04:45:25.031079,8,284,13
143,143,87.0,2025-04-07 20:30:43.756165,5,211,21
144,144,,2025-05-13 15:29:38.734265,7,624,41
145,145,11.0,2025-04-14 20:24:15.162469,4,748,5
146,146,,2025-04-20 20:07:22.797278,1,191,23
147,147,,2025-05-25 03:45:07.135343,2,500,39
148,148,48.0,2025-04-09 18:07:38.960003,1,721,37
149,149,24.0,2025-03-21 18:55:50.750418,1,522,2
150,150,48.0,2025-03-19 05:41:08.074831,10,301,48
151,151,9.0,2025-03-11 17:39:36.121010,9,555,29
152,152,,2025-05-13 04:18:07.263384,13,659,14
153,153,33.0,2025-05-14 22:39:39.797773,0,307,37
154,154,9.0,2025-06-01 00:54:43.989604,8,276,43
155,155,,2025-04-11 15:33:21.526817,11,232,48
156,156,22.0,2025-03-12 06:44:48.949076,12,504,8
157,157,38.0,2025-05-02 03:55:18.846639,4,274,45
158,158,92.0,2025-05-28 02:52:14.258122,4,264,19
159,159,,2025-05-04 19:45:40.819390,5,432,46
160,160,,2025-05-31 22:04:40.748999,7,122,27
161,161,88.0,2025-04-14 12:29:50.693200,6,309,21
162,162,35.0,2025-03-14 19:30:03.280836,1,659,35
163,163,,2025-04-04 16:26:35.836101,0,563,49
164,164,12.0,2025-03-22 01:15:32.719268,12,511,37
165,165,26.0,2025-04-07 18:53:22.384740,11,666,31
166,166,,2025-05-01 06:25:29.410755,9,771,35
167,167,86.0,2025-06-02 04:22:55.146810,5,285,42
168,168,11.0,2025-05-07 01:01:53.199301,11,139,27
169,169,,2025-04-28 18:42:08.965265,8,582,26
170,170,27.0,2025-05-25 11:24:03.775091,3,57,5
171,171,62.0,2025-03-08 15:37:37.474592,15,119,2
172,172,,2025-03-06 00:19:20.546981,14,498,45
173,173,21.0,2025-04-15 03:49:12.012763,3,172,11
174,174,83.0,2025-03-28 16:34:49.206845,5,779,20
175,175,87.0,2025-05-04 18:36:57.548043,6,556,27
176,176,54.0,2025-05-05 15:48:57.151730,13,329,9
177,177,64.0,2025-05-19 08:30:56.718926,13,357,11
178,178,38.0,2025-05-04 02:06:56.788853,6,629,31
179,179,9.0,2025-04-30 10:07:22.570793,13,307,25
180,180,15.0,2025-03-31 15:21:26.764662,7,279,43
181,181,99.0,2025-04-03 09:16:28.843167,6,305,15
182,182,69.0,2025-03-12 04:29:47.071538,0,569,34
183,183,67.0,2025-05-30 11:15:32.532685,10,116,41
184,184,29.0,2025-05-02 05:55:50.732619,11,203,46
185,185,7.0,2025-03-18 04:55:42.353120,12,415,42
186,186,49.0,2025-05-18 07:45:23.187290,15,245,3
187,187,47.0,2025-05-19 11:28:27.048854,8,116,42
188,188,,2025-04-21 14:30:42.984038,4,559,5
189,189,29.0,2025-03-28 20:36:12.782966,15,590,19
190,190,,2025-04-30 16:10:43.785471,3,214,9
191,191,27.0,2025-05-10 19:06:29.020521,1,259,27
192,192,51.0,2025-05-01 02:54:32.920598,5,68,24
193,193,55.0,2025-05-27 15:24:31.092125,15,309,27
194,194,9.0,2025-03-30 22:56:34.500136,1,759,39
195,195,18.0,2025-03-05 20:29:46.256725,15,344,49
196,196,,2025-04-22 14:12:47.366175,0,433,32
197,197,,2025-03-18 12:18:51.996108,3,800,25
198,198,67.0,2025-03-17 22:10:28.587157,5,488,34
199,199,50.0,2025-05-06 15:07:37.445810,12,426,46
200,200,,2025-03-03 04:26:11.914082,14,166,49
201,201,12.0,2025-04-10 02:05:28.245355,10,742,4
202,202,46.0,2025-05-08 02:09:55.531812,11,281,17
203,203,45.0,2025-03-03 09:11:22.584262,5,264,39
204,204,97.0,2025-04-10 19:57:29.530356,9,272,22
205,205,89.0,2025-05-29 02:35:23.475056,5,690,25
206,206,,2025-05-19 20:05:39.561139,8,603,4
207,207,,2025-03-07 10:56:06.381739,15,727,2
208,208,35.0,2025-05-19 05:25:17.567075,15,720,3
209,209,36.0,2025-03-23 19:33:32.875477,14,702,10
210,210,87.0,2025-03-03 19:09:55.086830,11,477,4
211,211,,2025-03-28 21:31:54.129796,8,584,8
212,212,50.0,2025-04-30 12:09:32.331444,10,93,21
213,213,,2025-04-13 10:25:49.081826,5,335,0
214,214,,2025-03-08 16:04:22.866072,7,673,6
215,215,,2025-05-13 07:36:36.422351,4,704,1
216,216,,2025-04-17 05:04:23.063489,0,177,5
217,217,94.0,2025-05-27 22:54:45.381196,0,421,6
218,218,,2025-05-18 12:35:29.466182,6,632,34
219,219,57.0,2025-05-14 22:57:40.546634,7,485,47
220,220,,2025-05-09 22:21:20.288674,15,543,34
221,221,65.0,2025-04-10 01:01:15.718565,14,160,37
222,222,20.0,2025-04-06 07:37:34.969024,6,261,29
223,223,17.0,2025-05-15 08:26:16.301390,8,94,9
224,224,,2025-03-27 04:06:24.783664,0,329,27
225,225,,2025-05-27 23:53:26.704857,13,241,45
226,226,8.0,2025-05-09 03:33:26.718216,10,726,18
227,227,93.0,2025-03-10 03:05:24.958493,0,384,37
228,228,,2025-04-07 11:01:21.379747,3,56,10
229,229,12.0,2025-05-24 21:15:46.963449,2,449,22
230,230,,2025-04-02 18:00:26.369043,9,70,20
231,231,,2025-05-25 10:56:48.943709,5,190,18
232,232,1.0,2025-05-07 03:35:07.571300,3,427,38
233,233,,2025-04-21 10:41:43.785784,4,445,25
234,234,34.0,2025-03-24 13:42:27.172823,15,102,11
235,235,,2025-05-31 17:28:55.324474,4,255,50
236,236,50.0,2025-03-30 20:45:28.725880,1,253,30
237,237,,2025-03-30 09:31:22.022398,8,125,25
238,238,59.0,2025-03-15 19:49:43.935465,14,584,8
239,239,20.0,2025-03-31 08:23:46.320504,6,688,16
240,240,88.0,2025-05-25 14:34:13.903255,3,353,30
241,241,6.0,2025-05-14 00:33:00.160769,9,188,25
242,242,,2025-04-18 21:26:43.620350,4,743,20
243,243,78.0,2025-05-27 13:27:11.991956,4,282,27
244,244,3.0,2025-05-06 15:42:31.995098,0,600,6
245,245,13.0,2025-04-06 22:51:12.468332,10,745,2
246,246,54.0,2025-05-03 11:43:15.278977,4,456,49
247,247,62.0,2025-05-08 08:04:42.594405,7,363,33
248,248,29.0,2025-04-18 10:35:09.468599,6,547,3
249,249,,2025-05-17 09:35:11.478903,4,279,27
250,250,64.0,2025-05-01 07:26:34.646150,4,522,22
251,251,18.0,2025-03-28 03:14:47.616178,3,745,10
252,252,57.0,2025-05-08 09:08:16.995857,1,431,4
253,253,33.0,2025-05-24 15:00:42.276781,11,488,4
254,254,99.0,2025-03-25 05:16:42.832356,13,633,11
255,255,,2025-04-21 02:15:56.139886,10,800,8
256,256,99.0,2025-04-23 05:43:11.274456,0,254,43
257,257,47.0,2025-03-06 15:45:50.299143,13,115,28
258,258,,2025-04-25 01:04:03.854489,15,150,44
259,259,54.0,2025-04-04 10:02:04.964829,4,788,40
260,260,27.0,2025-05-28 01:01:44.389481,9,596,0
261,261,32.0,2025-05-31 23:39:30.644530,11,752,41
262,262,14.0,2025-05-30 00:06:44.996693,9,638,22
263,263,,2025-05-18 15:12:02.231082,15,787,24
264,264,15.0,2025-03-28 20:27:03.778353,7,423,16
265,265,57.0,2025-03-14 08:58:39.048020,10,103,16
266,266,,2025-03-30 03:52:45.146620,7,687,28
267,267,74.0,2025-04-20 20:34:04.996517,13,673,50
268,268,55.0,2025-04-27 13:31:53.118443,12,262,24
269,269,,2025-05-22 09:27:44.782796,3,649,21
270,270,46.0,2025-04-28 21:20:46.390653,9,450,7
271,271,,2025-04-27 20:32:25.141675,7,70,25
272,272,,2025-04-05 09:03:07.571293,7,705,48
273,273,15.0,2025-04-03 23:14:15.971902,15,97,14
274,274,89.0,2025-03-20 04:01:43.977663,10,580,13
275,275,,2025-04-03 23:57:26.110410,5,106,37
276,276,,2025-05-06 15:31:56.426284,15,602,23
277,277,,2025-05-30 08:54:18.284469,3,80,23
278,278,92.0,2025-03-16 06:36:03.145047,11,149,27
279,279,,2025-04-26 13:52:37.714794,11,722,3
280,280,,2025-05-01 04:29:53.184268,12,633,12
281,281,,2025-05-30 03:13:45.151942,5,111,8
282,282,,2025-06-02 05:24:30.741638,9,258,8
283,283,,2025-03-16 21:52:54.644924,9,681,20
284,284,,2025-05-25 01:52:59.429610,13,354,20
285,285,77.0,2025-04-18 02:03:02.672330,14,627,28
286,286,98.0,2025-04-07 15:51:45.822691,11,263,27
287,287,55.0,2025-04-17 07:39:07.332352,3,100,6
288,288,,2025-05-28 21:49:08.824458,2,588,40
289,289,,2025-03-06 20:05:06.154315,8,391,14
290,290,34.0,2025-04-19 08:01:46.881312,10,565,14
291,291,1.0,2025-03-17 09:13:04.311932,6,738,38
292,292,100.0,2025-05-25 17:51:24.613496,12,347,35
293,293,,2025-04-06 10:32:28.503906,6,209,5
294,294,23.0,2025-03-14 04:52:42.623738,1,408,28
295,295,,2025-05-29 18:57:59.864102,10,68,14
296,296,,2025-04-22 11:12:28.766445,0,256,19
297,297,70.0,2025-05-12 23:28:53.430878,2,720,23
298,298,8.0,2025-04-13 01:47:06.932558,2,402,34
299,299,,2025-04-06 21:37:19.450369,1,748,26
300,300,2.0,2025-05-28 06:36:52.920066,3,481,17
